post_id,account_id,published_at,media_type,caption,likes,comments,followers_at_or_near_collection,saves,shares
post_000,brand_main,2025-01-01T00:00:00Z,image,Excited to announce our newest update! Check it out #tech #build #new,162,16,2500,11,3
post_001,creator_sub,2025-01-02T00:00:00Z,carousel,Weekend vibes with the team ✨ #worklife #creativity,452,9,2500,2,5
post_002,brand_main,2025-01-03T00:00:00Z,reel,Excited to announce our newest update! Check it out #tech #build #new,284,42,2500,12,8
post_003,creator_sub,2025-01-04T00:00:00Z,image,Weekend vibes with the team ✨ #worklife #creativity,170,11,2500,6,2
post_004,brand_main,2025-01-05T00:00:00Z,carousel,Excited to announce our newest update! Check it out #tech #build #new,95,42,2500,4,2
post_005,creator_sub,2025-01-06T00:00:00Z,image,Weekend vibes with the team ✨ #worklife #creativity,255,17,2500,2,4
post_006,brand_main,2025-01-07T00:00:00Z,carousel,Excited to announce our newest update! Check it out #tech #build #new,256,45,2500,8,6
post_007,creator_sub,2025-01-08T00:00:00Z,reel,Weekend vibes with the team ✨ #worklife #creativity,399,6,2500,5,1
post_008,brand_main,2025-01-09T00:00:00Z,image,Excited to announce our newest update! Check it out #tech #build #new,205,12,2500,6,3
post_009,creator_sub,2025-01-10T00:00:00Z,carousel,Weekend vibes with the team ✨ #worklife #creativity,314,32,2500,10,9
post_010,brand_main,2025-01-11T00:00:00Z,image,Excited to announce our newest update! Check it out #tech #build #new,452,42,2500,15,4
post_011,creator_sub,2025-01-12T00:00:00Z,carousel,Weekend vibes with the team ✨ #worklife #creativity,175,15,2500,5,2
post_012,brand_main,2025-01-13T00:00:00Z,reel,Excited to announce our newest update! Check it out #tech #build #new,463,8,2500,7,9
post_013,creator_sub,2025-01-14T00:00:00Z,image,Weekend vibes with the team ✨ #worklife #creativity,216,39,2500,13,2
post_014,brand_main,2025-01-15T00:00:00Z,carousel,Excited to announce our newest update! Check it out #tech #build #new,209,9,2500,11,5
post_015,creator_sub,2025-01-16T00:00:00Z,image,Weekend vibes with the team ✨ #worklife #creativity,368,10,2500,7,7
post_016,brand_main,2025-01-17T00:00:00Z,carousel,Excited to announce our newest update! Check it out #tech #build #new,191,41,2500,8,9
post_017,creator_sub,2025-01-18T00:00:00Z,reel,Weekend vibes with the team ✨ #worklife #creativity,189,19,2500,18,3
post_018,brand_main,2025-01-19T00:00:00Z,image,Excited to announce our newest update! Check it out #tech #build #new,436,9,2500,12,6
post_019,creator_sub,2025-01-20T00:00:00Z,carousel,Weekend vibes with the team ✨ #worklife #creativity,175,13,2500,14,2
post_020,brand_main,2025-01-21T00:00:00Z,image,Excited to announce our newest update! Check it out #tech #build #new,153,6,2500,14,3
post_021,creator_sub,2025-01-22T00:00:00Z,carousel,Weekend vibes with the team ✨ #worklife #creativity,65,19,2500,3,8
post_022,brand_main,2025-01-23T00:00:00Z,reel,Excited to announce our newest update! Check it out #tech #build #new,109,41,2500,6,2
post_023,creator_sub,2025-01-24T00:00:00Z,image,Weekend vibes with the team ✨ #worklife #creativity,233,10,2500,16,9
post_024,brand_main,2025-01-25T00:00:00Z,carousel,Excited to announce our newest update! Check it out #tech #build #new,129,11,2500,13,1
